brand,brand_group
Api-Ip,major
Agip Eni,major
Pompe Bianche,major
Q8,major
Esso,major
Tamoil,major
Total Erg,major
Europam,major
Retitalia,major
Giap,major
KEROPETROL,major
Energas,major
Costantin,major
San Marco Petroli,major
Beyfin,major
Shell,major
Ego,major
Repsol,major
Vega,major
Loro,major
Enerpetroli,major
Toil,minor
Sia fuel,minor
Aquila,minor
SP Energia Siciliana,minor
Sommese Petroli,minor
CONAD,minor
Petrol Gamma,minor
Oil Italia,minor
Sarni Oil,minor
Lukoil,minor
Ala,minor
ICM,minor
EOS,minor
Itala Petroli,minor
Enercoop,minor
GNP,minor
Kerotris,minor
Sicilpetroli,minor
AF Petroli,minor
Smaf,minor
Petrol Company,minor
Menga petroli,minor
DIS-CAR,minor
COIL,minor
DBCarburanti,minor
BC,minor
Simonetti Petroli,minor
Quattro Petroli,minor
Dill s,minor
Noaloil,minor
Energyca,minor
Nobile Oil,minor
Auchan,minor
Camer,minor
Socogas,minor
AP,minor
FLY,minor
Ies,minor
Centro Calor,minor
Major,minor
Fiamma 2000,minor
Acton1Q,minor
7sette,minor
Italiana Carburanti,minor
bpetrol,minor
MyOil,minor
Benza,minor
SEPA,minor
Iblea Petroli,minor
TIBER,minor
Iper Station,minor
Adamo Idrocarburi,minor
Edra Energia,minor
Carrefour,minor
Gep carburanti,minor
FulgorOil,minor
Moro,minor
Firmin,minor
GO,minor
Kostner,minor
Bertelli Carburanti,minor
Beneco,minor
AVIA,minor
Bianco Carburanti,minor
Fast fuel group,minor
Ernesto Rondini,minor
B+,minor
SACOM,minor
ISOLA GAS,minor
AZZALINI ENERGIE,minor
PetrolPicena,minor
Economy,minor
Cancellieri carburanti,minor
SACED,minor
Bogoni,minor
PM,minor
Trivengas,minor
MacMarchettiCarburanti,minor
Gaffoil,minor
TaOil,minor
Delta energy,minor
4.0,minor
FGS,minor
Edra Oil,minor
Interpetrol,minor
Energy Rete,minor
AP Stazioni di Servizio,minor
ECOFUEL,minor
CP,minor
ACI,minor
ValliCarburanti,minor
Ratti,minor
Piccini Fuels,minor
LEONE,minor
357,minor
Economysrl,minor
OIL ONE,minor
GAN,minor
CarburantiVecchietti,minor
NA,minor
Zannoni,minor
Blanco petroli,minor
Gamma Petroli,minor
carburanti discount,minor
LFC PETROLI,minor
BN petroli,minor
D Amico,minor
Perin,minor
Catria Energy,minor
UP,minor
fstation,minor
New Energy,minor
OK energie,minor
Galoil Carburanti,minor
Sacat,minor
ALIFUEL,minor
Termoveneta srl,minor
Vignetti,minor
Grazi Petroli,minor
Piccini Energy,minor
Natural Gas,minor
Energia Fluida,minor
Eurocap Petroli,minor
LP Carburanti,minor
Cristoforetti,minor
Carriero Energy,minor
Eco Fuel,minor
Restiani,minor
Oroil,minor
GT-FUEL,minor
COOP,minor
TTP,minor
Sodifa,minor
Cucagas,minor
Dall Aglio,minor
ACI_CL,minor
GasAuto,minor
Eugas,minor
TEnergy,minor
VULCANGAS,minor
AMG Carburanti,minor
Bandiera non selezionata,minor
Dalle petroli,minor
NonnaIsa Station,minor
ALS,minor
TusciaPetroli,minor
Italia Carburanti,minor
Oil Discount,minor
Xoil,minor
Win,minor
Simeone Carburanti,minor
Toma Petroli,minor
Blu Fuel,minor
Oll,minor
Reno Gas Energy,minor
CENTRALE METANO FOLIGNO,minor
TOMMASINI CARBURANTI,minor
GDPI,minor
Petrolnafta,minor
Canestrelli Petroli,minor
ACI_PT,minor
Fiorese Bernardino,minor
BLF,minor
Costa Carburanti,minor
FM Energy,minor
MC petroli,minor
Petrol Veneta,minor
SIRON SRL,minor
Sodigas,minor
TAM Full Service Station,minor
Vital,minor
PIGHI,minor
GABOGAS2,minor
Madogas Natural Energy,minor
Som/Omv,minor
bioil,minor
EnerFuel,minor
Emme Petroli,minor
digiservice,minor
Oceania,minor
CarbonOil,minor
Poil,minor
Bartolucci,minor
Moveo,minor
Casareale,minor
Gatti carburanti,minor
AP Petroli S.R.L.,minor
Petrol Fuel,minor
Mesu e Rios,minor
FUELPP,minor
STOM,minor
Euroself,minor
Natalizia Station,minor
RPetroli,minor
Europetrol,minor
EKOpoint,minor
NetFuel,minor
MF CARBURANTI,minor
Sanrocco Carburanti,minor
AP Fuel,minor
Pit stop,minor
PAD,minor
Atras Montalti,minor
Eurfuel,minor
Fratelli Gennaro,minor
OutletCarburanti,minor
Harpoil,minor
HI MATIC,minor
ENJOIL,minor
ALoil,minor
Amoil,minor
DV OIL,minor
Edison metano,minor
Capaia Petroli,minor
rosina fuel,minor
Tam service,minor
AG energy,minor
Argentario Carburanti,minor
BluPark,minor
Bolgan,minor
Cerignola Fuel,minor
Cler Carburanti,minor
De Angelis Carburanti,minor
ESSEPI,minor
Energy Carburanti,minor
Energy Station,minor
Esse Oil,minor
Fuel Time,minor
Fuel99,minor
Gregoil,minor
ITALSUD CARBURANTI SRL,minor
MZ PETROLI,minor
Men8,minor
ON CARBURANTI,minor
P F M,minor
PAN OIL,minor
Pieropan Elisa,minor
RA-FI,minor
SAGIMAR,minor
SORIANO CARBURANTI,minor
SevenOil,minor
Sidoti Fuel,minor
Socomci,minor
Verlingas,minor
carsie,minor
punto nord,minor
TreConfiniCarburanti,minor
Reale,minor
MOVE 2,minor
Wow,minor
ADN Petroli,minor
Curreri Carburanti,minor
78,minor
BP Bachiorrini Petroli,minor
BIANCOPETROLI,minor
BELTRALLO CARBURANTI,minor
TOTALEnergy,minor
Franzon snc,minor
Ecoil,minor
Carburanti Paganelli,minor
Delta,minor
DIL,minor
Gatto Carburanti,minor
PAM OIL,minor
GB Petroli,minor
Powerghost,minor
europetroli,minor
GGenergy,minor
CARBURANTI PIAVE,minor
SEP,minor
Mascitti,minor
BIG,minor
EIS Station,minor
ECODRIVE,minor
SR 203,minor
Kelder,minor
Frontalini Petroli,minor
Bianco Fuel,minor
Maremmana Petroli,minor
Garage Roberto,minor
PINGUINO CARBURANTI,minor
Landini e Vignetti,minor
Metano Spilamberto,minor
Hermes,minor
PetrolSud,minor
Terni Carburanti,minor
EKOENERGY,minor
Plus,minor
GreenFuelCompany,minor
dp carburanti,minor
Bibbiena Carburanti,minor
NextMobilitaFutura,minor
SilcaSrl,minor
COLAGROSSI CARBURANTI,minor
Sallemi Carburanti,minor
BluOil,minor
PETROLITALIA,minor
messina carburanti,minor
Petrona s,minor
Fabozzi Petroli,minor
Otto,minor
E-Smart,minor
PETROL SUD,minor
RESOIL,minor
Barontini,minor
Eurocarburanti,minor
KINGO CARBURANTI,minor
Gianni Petroli,minor
PETROLIUM,minor
Ulivo Petroli,minor
MML Sinergy,minor
GasAutoSud,minor
CATRIA OIL,minor
PITSTOP,minor
GGV ENERGY,minor
Lion,minor
GP GREEN POWER,minor
BULLY,minor
 POWERGAS S.R.L.,minor
Capri Soc Coop,minor
CROCIANI FUEL,minor
FP PETROLI,minor
